Ashfaque ashfaque129
Ahsan ahsan107
Tushar tushar135
Hira hira106
Fabia fabia179
FabiaRashid fabia129
ashfaque ashfaq179
Mazhar mazhar100
Irin39 tushar39
Mousumi mousumi100
